<?xml version="1.0"?>
<doc>
    <assembly>
        <name>PaymentProcess</name>
    </assembly>
    <members>
        <member name="T:PaymentProcess.DutyItem">
            <summary>
            Holds duty information
            </summary>
        </member>
        <member name="T:PaymentProcess.Item">
            <summary>
            Base class for FreightItem, TaxItem, and DutyItem.
            </summary>
        </member>
        <member name="T:PaymentProcess.IInfo">
            <summary>
            Interface for all of our info classes.
            </summary>
        </member>
        <member name="M:PaymentProcess.IInfo.ToString">
            <summary>
            Each info class overrides ToString for the POST request.
            </summary>
            <returns>POST string</returns>
        </member>
        <member name="F:PaymentProcess.Item.itemName">
            <summary>
            Item name information
            </summary>
        </member>
        <member name="F:PaymentProcess.Item.description">
            <summary>
            Item description information
            </summary>
        </member>
        <member name="F:PaymentProcess.Item.amount">
            <summary>
            Item amount information
            </summary>
        </member>
        <member name="F:PaymentProcess.Item.ts">
            <summary>
            TraceSwitch PaymentProcess
            </summary>
        </member>
        <member name="M:PaymentProcess.Item.#ctor(System.String,System.String,System.Decimal)">
            <summary>
            Item constructor (CTor)
            </summary>
            <param name="name">Item name information</param>
            <param name="description">Item description information</param>
            <param name="amount">Item amount information</param>
        </member>
        <member name="M:PaymentProcess.Item.ToString">
            <summary>
            Builds the Item POST string
            </summary>
            <returns>Delimited string for HTTP POST</returns>
        </member>
        <member name="P:PaymentProcess.Item.ItemName">
            <summary>
            Gets or sets the item name
            </summary>
        </member>
        <member name="P:PaymentProcess.Item.Description">
            <summary>
            Gets or sets the item description
            </summary>
        </member>
        <member name="P:PaymentProcess.Item.Amount">
            <summary>
            Gets or sets the item amount
            </summary>
        </member>
        <member name="F:PaymentProcess.DutyItem.ts">
            <summary>
            TraceSwitch PaymentProcess
            </summary>
        </member>
        <member name="M:PaymentProcess.DutyItem.#ctor(System.String,System.String,System.Decimal)">
            <summary>
            DutyItem CTor
            </summary>
            <param name="name">Duty item name</param>
            <param name="description">Duty item description</param>
            <param name="amount">Duty item amount</param>
        </member>
        <member name="T:PaymentProcess.AuthorizeResponse">
            <summary>
            Captures the response from the Authorize.NET request.
            </summary>
        </member>
        <member name="F:PaymentProcess.AuthorizeResponse.results">
            <summary>
            Delimited text from the request (needs to be parsed). Seperated by '|'.
            </summary>
        </member>
        <member name="F:PaymentProcess.AuthorizeResponse.ts">
            <summary>
            TraceSwitch PaymentProcess
            </summary>
        </member>
        <member name="F:PaymentProcess.AuthorizeResponse.responseCode">
            <summary>
            Response code
            </summary>
        </member>
        <member name="F:PaymentProcess.AuthorizeResponse.responseSubCode">
            <summary>
            Response subcode
            </summary>
        </member>
        <member name="F:PaymentProcess.AuthorizeResponse.responseReasonCode">
            <summary>
            Response reason code
            </summary>
        </member>
        <member name="F:PaymentProcess.AuthorizeResponse.responseReasonText">
            <summary>
            Response reason text
            </summary>
        </member>
        <member name="F:PaymentProcess.AuthorizeResponse.authorizationCode">
            <summary>
            Authorization code
            </summary>
        </member>
        <member name="F:PaymentProcess.AuthorizeResponse.avsResponse">
            <summary>
            AVS response
            </summary>
        </member>
        <member name="F:PaymentProcess.AuthorizeResponse.transactionId">
            <summary>
            Transaction ID
            </summary>
        </member>
        <member name="F:PaymentProcess.AuthorizeResponse.invoiceNumber">
            <summary>
            Invoice number
            </summary>
        </member>
        <member name="F:PaymentProcess.AuthorizeResponse.description">
            <summary>
            Transaction description
            </summary>
        </member>
        <member name="F:PaymentProcess.AuthorizeResponse.amount">
            <summary>
            Transaction amount
            </summary>
        </member>
        <member name="F:PaymentProcess.AuthorizeResponse.method">
            <summary>
            Transaction method
            </summary>
        </member>
        <member name="F:PaymentProcess.AuthorizeResponse.transactionType">
            <summary>
            Transaction type
            </summary>
        </member>
        <member name="F:PaymentProcess.AuthorizeResponse.customerId">
            <summary>
            Customer ID
            </summary>
        </member>
        <member name="F:PaymentProcess.AuthorizeResponse.firstName">
            <summary>
            First name
            </summary>
        </member>
        <member name="F:PaymentProcess.AuthorizeResponse.lastName">
            <summary>
            Last name information
            </summary>
        </member>
        <member name="F:PaymentProcess.AuthorizeResponse.company">
            <summary>
            Company name
            </summary>
        </member>
        <member name="F:PaymentProcess.AuthorizeResponse.address">
            <summary>
            Company address
            </summary>
        </member>
        <member name="F:PaymentProcess.AuthorizeResponse.city">
            <summary>
            Company city
            </summary>
        </member>
        <member name="F:PaymentProcess.AuthorizeResponse.state">
            <summary>
            Company state
            </summary>
        </member>
        <member name="F:PaymentProcess.AuthorizeResponse.zip">
            <summary>
            Company zipcode
            </summary>
        </member>
        <member name="F:PaymentProcess.AuthorizeResponse.country">
            <summary>
            Company country
            </summary>
        </member>
        <member name="F:PaymentProcess.AuthorizeResponse.phone">
            <summary>
            Company phone
            </summary>
        </member>
        <member name="F:PaymentProcess.AuthorizeResponse.fax">
            <summary>
            Company fax
            </summary>
        </member>
        <member name="F:PaymentProcess.AuthorizeResponse.email">
            <summary>
            Company email
            </summary>
        </member>
        <member name="F:PaymentProcess.AuthorizeResponse.shipToFirstName">
            <summary>
            Ship to first name
            </summary>
        </member>
        <member name="F:PaymentProcess.AuthorizeResponse.shipToLastName">
            <summary>
            Ship to last name
            </summary>
        </member>
        <member name="F:PaymentProcess.AuthorizeResponse.shipToCompany">
            <summary>
            Ship to company
            </summary>
        </member>
        <member name="F:PaymentProcess.AuthorizeResponse.shipToAddress">
            <summary>
            Ship to address
            </summary>
        </member>
        <member name="F:PaymentProcess.AuthorizeResponse.shipToCity">
            <summary>
            Ship to city
            </summary>
        </member>
        <member name="F:PaymentProcess.AuthorizeResponse.shipToState">
            <summary>
            Ship to state
            </summary>
        </member>
        <member name="F:PaymentProcess.AuthorizeResponse.shipToZip">
            <summary>
            Ship to zipcode
            </summary>
        </member>
        <member name="F:PaymentProcess.AuthorizeResponse.shipToCountry">
            <summary>
            Ship to country
            </summary>
        </member>
        <member name="F:PaymentProcess.AuthorizeResponse.tax">
            <summary>
            Tax amount
            </summary>
        </member>
        <member name="F:PaymentProcess.AuthorizeResponse.duty">
            <summary>
            Duty amount
            </summary>
        </member>
        <member name="F:PaymentProcess.AuthorizeResponse.freight">
            <summary>
            Freight amount
            </summary>
        </member>
        <member name="F:PaymentProcess.AuthorizeResponse.taxExempt">
            <summary>
            Tax exempt
            </summary>
        </member>
        <member name="F:PaymentProcess.AuthorizeResponse.purchaseOrderNumber">
            <summary>
            Purchase order number
            </summary>
        </member>
        <member name="F:PaymentProcess.AuthorizeResponse.hash">
            <summary>
            MD5 hash for this transaction
            </summary>
        </member>
        <member name="F:PaymentProcess.AuthorizeResponse.cardCodeResponse">
            <summary>
            Card code response
            </summary>
        </member>
        <member name="F:PaymentProcess.AuthorizeResponse.cardholderAuthenticationVerificationResponse">
            <summary>
            Cardholder authentication verification response
            </summary>
        </member>
        <member name="M:PaymentProcess.AuthorizeResponse.#ctor(System.String)">
            <summary>
            AuthorizeResponse CTor
            </summary>
            <param name="results">Raw result from the AuthorizeRequest</param>
        </member>
        <member name="M:PaymentProcess.AuthorizeResponse.#ctor">
            <summary>
            AuthorizeResponse private CTor
            </summary>
        </member>
        <member name="M:PaymentProcess.AuthorizeResponse.Parse">
            <summary>
            Parses the raw results and places the values in the class members.
            </summary>
        </member>
        <member name="P:PaymentProcess.AuthorizeResponse.ResponseCode">
            <summary>
            Gets the response code
            </summary>
        </member>
        <member name="P:PaymentProcess.AuthorizeResponse.ResponseSubcode">
            <summary>
            Gets the response sub code
            </summary>
        </member>
        <member name="P:PaymentProcess.AuthorizeResponse.ResponseReasonCode">
            <summary>
            Gets the response reason code
            </summary>
        </member>
        <member name="P:PaymentProcess.AuthorizeResponse.ResponseReasonText">
            <summary>
            Gets the response reason text
            </summary>
        </member>
        <member name="P:PaymentProcess.AuthorizeResponse.AuthorizationCode">
            <summary>
            Gets the authorization code
            </summary>
        </member>
        <member name="P:PaymentProcess.AuthorizeResponse.AvsResponse">
            <summary>
            Gets the AVS response code
            </summary>
        </member>
        <member name="P:PaymentProcess.AuthorizeResponse.TransactionId">
            <summary>
            Gets the transaction ID
            </summary>
        </member>
        <member name="P:PaymentProcess.AuthorizeResponse.InvoiceNumber">
            <summary>
            Gets the invoice number
            </summary>
        </member>
        <member name="P:PaymentProcess.AuthorizeResponse.Description">
            <summary>
            Gets the description
            </summary>
        </member>
        <member name="P:PaymentProcess.AuthorizeResponse.Amount">
            <summary>
            Gets the amount
            </summary>
        </member>
        <member name="P:PaymentProcess.AuthorizeResponse.Method">
            <summary>
            Gets the method
            </summary>
        </member>
        <member name="P:PaymentProcess.AuthorizeResponse.TransactionType">
            <summary>
            Gets the transaction type
            </summary>
        </member>
        <member name="P:PaymentProcess.AuthorizeResponse.CustomerId">
            <summary>
            Gets the customer ID
            </summary>
        </member>
        <member name="P:PaymentProcess.AuthorizeResponse.FirstName">
            <summary>
            Gets the first name
            </summary>
        </member>
        <member name="P:PaymentProcess.AuthorizeResponse.LastName">
            <summary>
            Gets the last name
            </summary>
        </member>
        <member name="P:PaymentProcess.AuthorizeResponse.Company">
            <summary>
            Gets the company
            </summary>
        </member>
        <member name="P:PaymentProcess.AuthorizeResponse.Address">
            <summary>
            Gets the address
            </summary>
        </member>
        <member name="P:PaymentProcess.AuthorizeResponse.City">
            <summary>
            Gets the city
            </summary>
        </member>
        <member name="P:PaymentProcess.AuthorizeResponse.State">
            <summary>
            Gets the state
            </summary>
        </member>
        <member name="P:PaymentProcess.AuthorizeResponse.Zip">
            <summary>
            Gets the zip code
            </summary>
        </member>
        <member name="P:PaymentProcess.AuthorizeResponse.Country">
            <summary>
            Gets the country
            </summary>
        </member>
        <member name="P:PaymentProcess.AuthorizeResponse.Phone">
            <summary>
            Gets the phone number
            </summary>
        </member>
        <member name="P:PaymentProcess.AuthorizeResponse.Fax">
            <summary>
            Gets the fax number
            </summary>
        </member>
        <member name="P:PaymentProcess.AuthorizeResponse.Email">
            <summary>
            Gets the email address
            </summary>
        </member>
        <member name="P:PaymentProcess.AuthorizeResponse.ShipToFirstName">
            <summary>
            Gets ship to first name
            </summary>
        </member>
        <member name="P:PaymentProcess.AuthorizeResponse.ShipToLastName">
            <summary>
            Gets ship to last name
            </summary>
        </member>
        <member name="P:PaymentProcess.AuthorizeResponse.ShipToCompany">
            <summary>
            Gets ship to company
            </summary>
        </member>
        <member name="P:PaymentProcess.AuthorizeResponse.ShipToAddress">
            <summary>
            Gets ship to address
            </summary>
        </member>
        <member name="P:PaymentProcess.AuthorizeResponse.ShipToCity">
            <summary>
            Gets ship to city
            </summary>
        </member>
        <member name="P:PaymentProcess.AuthorizeResponse.ShipToState">
            <summary>
            Gets ship to state
            </summary>
        </member>
        <member name="P:PaymentProcess.AuthorizeResponse.ShipToZip">
            <summary>
            Gets ship to zip code
            </summary>
        </member>
        <member name="P:PaymentProcess.AuthorizeResponse.ShipToCountry">
            <summary>
            Gets ship to country
            </summary>
        </member>
        <member name="P:PaymentProcess.AuthorizeResponse.Tax">
            <summary>
            Gets tax amount
            </summary>
        </member>
        <member name="P:PaymentProcess.AuthorizeResponse.Duty">
            <summary>
            Gets duty amount
            </summary>
        </member>
        <member name="P:PaymentProcess.AuthorizeResponse.Freight">
            <summary>
            Gets freight amount
            </summary>
        </member>
        <member name="P:PaymentProcess.AuthorizeResponse.TaxExempt">
            <summary>
            Gets tax exempt
            </summary>
        </member>
        <member name="P:PaymentProcess.AuthorizeResponse.PurchaseOrderNumber">
            <summary>
            Gets purchase order number
            </summary>
        </member>
        <member name="P:PaymentProcess.AuthorizeResponse.Md5Hash">
            <summary>
            Gets MD5 hash
            </summary>
        </member>
        <member name="P:PaymentProcess.AuthorizeResponse.CardCodeResponse">
            <summary>
            Gets card code response
            </summary>
        </member>
        <member name="P:PaymentProcess.AuthorizeResponse.CardholderAuthenticationVerificationResponse">
            <summary>
            Gets cardholder authentication verification response
            </summary>
        </member>
        <member name="T:PaymentProcess.AuthorizeRequest">
            <summary>
            Communicates with Authorize.NET by sending HTTP POST strings
            </summary>
        </member>
        <member name="F:PaymentProcess.AuthorizeRequest.url">
            <summary>
            Default URL to send HTTP POST to (TEST)
            </summary>
        </member>
        <member name="F:PaymentProcess.AuthorizeRequest.ts">
            <summary>
            TraceSwitch PaymentProcess
            </summary>
        </member>
        <member name="F:PaymentProcess.AuthorizeRequest.info">
            <summary>
            Info class container
            </summary>
        </member>
        <member name="M:PaymentProcess.AuthorizeRequest.SendRequest">
            <summary>
            Sends the request through HTTP POST to Authorize.NET
            </summary>
            <returns>Returns an AuthorizeResponse class instance</returns>
        </member>
        <member name="M:PaymentProcess.AuthorizeRequest.BuildPostString">
            <summary>
            Builts the POST string for sending to Authorize.NET
            </summary>
            <returns>Returns the full POST string as requird by Authorize.NET</returns>
        </member>
        <member name="T:PaymentProcess.OrderInfo">
            <summary>
            Order information
            </summary>
        </member>
        <member name="F:PaymentProcess.OrderInfo.invoiceNum">
            <summary>
            Order invoice number
            </summary>
        </member>
        <member name="F:PaymentProcess.OrderInfo.description">
            <summary>
            Order description
            </summary>
        </member>
        <member name="F:PaymentProcess.OrderInfo.ts">
            <summary>
            TraceSwitch PaymentProcess
            </summary>
        </member>
        <member name="M:PaymentProcess.OrderInfo.#ctor(System.String,System.String)">
            <summary>
            OrderInfo CTor
            </summary>
            <param name="invoice_number">Order invoice number</param>
            <param name="description">Order description</param>
        </member>
        <member name="M:PaymentProcess.OrderInfo.ToString">
            <summary>
            Builds the HTTP POST string for AuthorizeRequest
            </summary>
            <returns>see summary</returns>
        </member>
        <member name="P:PaymentProcess.OrderInfo.X_Invoice_Num">
            <summary>
            Gets or sets the order invoice number
            </summary>
        </member>
        <member name="P:PaymentProcess.OrderInfo.X_Description">
            <summary>
            Gets or sets the order description
            </summary>
        </member>
        <member name="T:PaymentProcess.FreightItem">
            <summary>
            Freight item information
            </summary>
        </member>
        <member name="F:PaymentProcess.FreightItem.ts">
            <summary>
            TraceSwitch PaymentProcess
            </summary>
        </member>
        <member name="M:PaymentProcess.FreightItem.#ctor(System.String,System.String,System.Decimal)">
            <summary>
            FreightItem CTor
            </summary>
            <param name="name">Freight item name</param>
            <param name="description">Freight item description</param>
            <param name="amount">Freight item amount</param>
        </member>
        <member name="T:PaymentProcess.ShippingInfo">
            <summary>
            Shipping information
            </summary>
        </member>
        <member name="F:PaymentProcess.ShippingInfo.firstName">
            <summary>
            Ship to first name
            </summary>
        </member>
        <member name="F:PaymentProcess.ShippingInfo.lastName">
            <summary>
            Ship to last name
            </summary>
        </member>
        <member name="F:PaymentProcess.ShippingInfo.company">
            <summary>
            Ship to company
            </summary>
        </member>
        <member name="F:PaymentProcess.ShippingInfo.address">
            <summary>
            Ship to address
            </summary>
        </member>
        <member name="F:PaymentProcess.ShippingInfo.city">
            <summary>
            Ship to city
            </summary>
        </member>
        <member name="F:PaymentProcess.ShippingInfo.state">
            <summary>
            Ship to state
            </summary>
        </member>
        <member name="F:PaymentProcess.ShippingInfo.zip">
            <summary>
            Ship to zip code
            </summary>
        </member>
        <member name="F:PaymentProcess.ShippingInfo.country">
            <summary>
            Ship to country
            </summary>
        </member>
        <member name="F:PaymentProcess.ShippingInfo.ts">
            <summary>
            TraceSwitch PaymentProcess
            </summary>
        </member>
        <member name="M:PaymentProcess.ShippingInfo.#ctor(System.String,System.String,System.String,System.String,System.String,System.String,System.String,System.String)">
            <summary>
            ShippingInfo CTor
            </summary>
            <param name="ship_to_first_name">Ship to first name</param>
            <param name="ship_to_last_name">Ship to last name</param>
            <param name="ship_to_company">Ship to company</param>
            <param name="ship_to_address">Ship to address</param>
            <param name="ship_to_city">Ship to city</param>
            <param name="ship_to_state">Ship to state</param>
            <param name="ship_to_zip">Ship to zip code</param>
            <param name="ship_to_country">Ship to country</param>
        </member>
        <member name="M:PaymentProcess.ShippingInfo.ToString">
            <summary>
            Builds the HTTP POST string for AuthorizeRequest
            </summary>
            <returns>see summary</returns>
        </member>
        <member name="P:PaymentProcess.ShippingInfo.X_Ship_To_First_Name">
            <summary>
            Gets or sets ship to first name
            </summary>
        </member>
        <member name="P:PaymentProcess.ShippingInfo.X_Ship_To_Last_Name">
            <summary>
            Gets or sets ship to last name
            </summary>
        </member>
        <member name="P:PaymentProcess.ShippingInfo.X_Ship_To_Company">
            <summary>
            Gets or sets ship to compay
            </summary>
        </member>
        <member name="P:PaymentProcess.ShippingInfo.X_Ship_To_Address">
            <summary>
            Gets or sets ship to address
            </summary>
        </member>
        <member name="P:PaymentProcess.ShippingInfo.X_Ship_To_City">
            <summary>
            Gets or sets ship to city
            </summary>
        </member>
        <member name="P:PaymentProcess.ShippingInfo.X_Ship_To_State">
            <summary>
            Gets or sets ship to state
            </summary>
        </member>
        <member name="P:PaymentProcess.ShippingInfo.X_Ship_To_Zip">
            <summary>
            Gets or sets ship to zip code
            </summary>
        </member>
        <member name="P:PaymentProcess.ShippingInfo.X_Ship_To_Country">
            <summary>
            Gets or sets ship to country
            </summary>
        </member>
        <member name="T:PaymentProcess.ItemizedOrderInfo">
            <summary>
            Itemized order information
            </summary>
        </member>
        <member name="F:PaymentProcess.ItemizedOrderInfo.lineItems">
            <summary>
            List of line items
            </summary>
        </member>
        <member name="F:PaymentProcess.ItemizedOrderInfo.ts">
            <summary>
            TraceSwitch PaymentProcess
            </summary>
        </member>
        <member name="M:PaymentProcess.ItemizedOrderInfo.#ctor(System.Collections.Generic.List{PaymentProcess.LineItem})">
            <summary>
            ItemizedOrderInfo CTor
            </summary>
            <param name="lineItems">List collection of LineItems</param>
        </member>
        <member name="M:PaymentProcess.ItemizedOrderInfo.ToString">
            <summary>
            Builds the POST string for AuthorizeRequest
            </summary>
            <returns>Delimited string for HTTP POST</returns>
        </member>
        <member name="P:PaymentProcess.ItemizedOrderInfo.LineItems">
            <summary>
            Gets or sets a list of line items
            </summary>
        </member>
        <member name="T:PaymentProcess.AdditionalShippingInfo">
            <summary>
            Additional shipping information for the request.
            </summary>
        </member>
        <member name="F:PaymentProcess.AdditionalShippingInfo.sb">
            <summary>
            Stringbuilder for the POST string
            </summary>
        </member>
        <member name="F:PaymentProcess.AdditionalShippingInfo.tax">
            <summary>
            TaxItem information
            </summary>
        </member>
        <member name="F:PaymentProcess.AdditionalShippingInfo.taxAmount">
            <summary>
            tax amount
            </summary>
        </member>
        <member name="F:PaymentProcess.AdditionalShippingInfo.freight">
            <summary>
            freight information
            </summary>
        </member>
        <member name="F:PaymentProcess.AdditionalShippingInfo.freightAmount">
            <summary>
            freight amount
            </summary>
        </member>
        <member name="F:PaymentProcess.AdditionalShippingInfo.duty">
            <summary>
            duty information
            </summary>
        </member>
        <member name="F:PaymentProcess.AdditionalShippingInfo.dutyAmount">
            <summary>
            duty amount
            </summary>
        </member>
        <member name="F:PaymentProcess.AdditionalShippingInfo.taxExempt">
            <summary>
            tax exempt
            </summary>
        </member>
        <member name="F:PaymentProcess.AdditionalShippingInfo.purchaseNum">
            <summary>
            purchase order number
            </summary>
        </member>
        <member name="F:PaymentProcess.AdditionalShippingInfo.ts">
            <summary>
            TraceSwitch PaymentProcess
            </summary>
        </member>
        <member name="M:PaymentProcess.AdditionalShippingInfo.#ctor(PaymentProcess.TaxItem,PaymentProcess.FreightItem,PaymentProcess.DutyItem,System.Boolean,System.String)">
            <summary>
            AdditionalShippingInfo Ctor
            </summary>
            <param name="tax">tax information</param>
            <param name="freight">freight information</param>
            <param name="duty">duty information</param>
            <param name="tax_exempt">tax exempt</param>
            <param name="ponumber">purchase order number</param>
        </member>
        <member name="M:PaymentProcess.AdditionalShippingInfo.#ctor(System.Decimal,System.Decimal,System.Decimal,System.Boolean,System.String)">
            <summary>
            AdditionalShippingInfo CTor
            </summary>
            <param name="tax_amount">tax amount</param>
            <param name="freight_amount">freight amount</param>
            <param name="duty_amount">duty amount</param>
            <param name="tax_exempt">tax exempt</param>
            <param name="ponumber">purchase order number</param>
        </member>
        <member name="M:PaymentProcess.AdditionalShippingInfo.ToString">
            <summary>
            Returns the POST string for this Info class.
            </summary>
            <returns>See summary</returns>
        </member>
        <member name="P:PaymentProcess.AdditionalShippingInfo.X_Tax">
            <summary>
            Gets the tax information held in TaxItem
            </summary>
        </member>
        <member name="P:PaymentProcess.AdditionalShippingInfo.X_Tax_Amount">
            <summary>
            Gets the tax amount
            </summary>
        </member>
        <member name="P:PaymentProcess.AdditionalShippingInfo.X_Freight">
            <summary>
            Gets the freight information
            </summary>
        </member>
        <member name="P:PaymentProcess.AdditionalShippingInfo.X_Freight_Amount">
            <summary>
            Gets the freight amount
            </summary>
        </member>
        <member name="P:PaymentProcess.AdditionalShippingInfo.X_Duty">
            <summary>
            Gets the duty information
            </summary>
        </member>
        <member name="P:PaymentProcess.AdditionalShippingInfo.X_Duty_Amount">
            <summary>
            Gets the duty amount
            </summary>
        </member>
        <member name="P:PaymentProcess.AdditionalShippingInfo.X_Tax_Exempt">
            <summary>
            Gets the tax exempt string (T or F)
            </summary>
        </member>
        <member name="P:PaymentProcess.AdditionalShippingInfo.X_PO_Num">
            <summary>
            Gets the purchase order number
            </summary>
        </member>
        <member name="T:PaymentProcess.XBankAccountTypes">
            <summary>
            Bank account types for ECHECK
            </summary>
        </member>
        <member name="F:PaymentProcess.XBankAccountTypes.checking">
            <summary>
            Checking account type - Default
            </summary>
        </member>
        <member name="F:PaymentProcess.XBankAccountTypes.businesschecking">
            <summary>
            Business checking account type
            </summary>
        </member>
        <member name="F:PaymentProcess.XBankAccountTypes.savings">
            <summary>
            Savings account type
            </summary>
        </member>
        <member name="P:PaymentProcess.XBankAccountTypes.CHECKING">
            <summary>
            Gets the checking bank account type
            </summary>
        </member>
        <member name="P:PaymentProcess.XBankAccountTypes.BUSINESSCHECKING">
            <summary>
            Gets the business checking bank account type
            </summary>
        </member>
        <member name="P:PaymentProcess.XBankAccountTypes.SAVINGS">
            <summary>
            Gets the savings bank account type
            </summary>
        </member>
        <member name="T:PaymentProcess.ResponseCode">
            <summary>
            Response code
            </summary>
        </member>
        <member name="F:PaymentProcess.ResponseCode.Approved">
            <summary>
            Approved response
            </summary>
        </member>
        <member name="F:PaymentProcess.ResponseCode.Declined">
            <summary>
            Declined response
            </summary>
        </member>
        <member name="F:PaymentProcess.ResponseCode.Error">
            <summary>
            Error response
            </summary>
        </member>
        <member name="F:PaymentProcess.ResponseCode.HeldForReview">
            <summary>
            Held for review response
            </summary>
        </member>
        <member name="T:PaymentProcess.ResponseReason">
            <summary>
            Response reason
            </summary>
        </member>
        <member name="F:PaymentProcess.ResponseReason.ResponseCode">
            <summary>
            Response code
            </summary>
        </member>
        <member name="F:PaymentProcess.ResponseReason.ResponseReasonCode">
            <summary>
            Response reason code
            </summary>
        </member>
        <member name="F:PaymentProcess.ResponseReason.ResponseReasonText">
            <summary>
            Response reason text
            </summary>
        </member>
        <member name="F:PaymentProcess.ResponseReason.Notes">
            <summary>
            Response notes
            </summary>
        </member>
        <member name="F:PaymentProcess.ResponseReason.IsEmpty">
            <summary>
            Empty indicator
            </summary>
        </member>
        <member name="M:PaymentProcess.ResponseReason.#ctor(System.Int32,System.Int32,System.String,System.String)">
            <summary>
            ResponseReason struct CTor
            </summary>
            <param name="response_code">Response code</param>
            <param name="reasonCode">Response reason code</param>
            <param name="reasonText">Response reason text</param>
            <param name="notes_">Response notes</param>
        </member>
        <member name="M:PaymentProcess.ResponseReason.#ctor(System.Boolean)">
            <summary>
            ResponseReason struct CTor
            </summary>
            <param name="empty">Indicates that this response is empty</param>
        </member>
        <member name="T:PaymentProcess.ReasonResponseCodes">
            <summary>
            Reason response codes for authorize.NET responses
            </summary>
        </member>
        <member name="F:PaymentProcess.ReasonResponseCodes.reasons">
            <summary>
            List of all the possible response reason
            </summary>
        </member>
        <member name="F:PaymentProcess.ReasonResponseCodes.ts">
            <summary>
            TraceSwitch PaymentProcess
            </summary>
        </member>
        <member name="M:PaymentProcess.ReasonResponseCodes.#ctor">
            <summary>
            ReasonResponseCodes CTor
            </summary>
        </member>
        <member name="M:PaymentProcess.ReasonResponseCodes.GetReasonNote(System.Int32)">
            <summary>
            Gets the notes for a given reason code
            </summary>
            <param name="reasonCode">Response reason code to lookup</param>
            <returns>Notes string for the given reason code</returns>
        </member>
        <member name="M:PaymentProcess.ReasonResponseCodes.GetReasonText(System.Int32)">
            <summary>
            Gets the reason text for a given reason code
            </summary>
            <param name="reasonCode">Response reason code to lookup</param>
            <returns>Reason text for the given reason code</returns>
        </member>
        <member name="M:PaymentProcess.ReasonResponseCodes.FindMatch(System.Int32)">
            <summary>
            Finds the response reason for a given code
            </summary>
            <param name="reasonCode">Response reason code to lookup</param>
            <returns>ResponseReason in the list of reasons</returns>
        </member>
        <member name="T:PaymentProcess.MerchantInfo">
            <summary>
            Merchant information
            </summary>
        </member>
        <member name="F:PaymentProcess.MerchantInfo.login">
            <summary>
            Merchant login
            </summary>
        </member>
        <member name="F:PaymentProcess.MerchantInfo.tranKey">
            <summary>
            Merchant transaction key
            </summary>
        </member>
        <member name="F:PaymentProcess.MerchantInfo.ts">
            <summary>
            TraceSwitch PaymentProcess
            </summary>
        </member>
        <member name="M:PaymentProcess.MerchantInfo.#ctor(System.String,System.String)">
            <summary>
            MerchantInfo CTor
            </summary>
            <param name="login">Merchant login</param>
            <param name="tran_key">Merchant transaction key</param>
        </member>
        <member name="M:PaymentProcess.MerchantInfo.ToString">
            <summary>
            Builds the HTTP POST string for AuthorizeRequest
            </summary>
            <returns>see summary</returns>
        </member>
        <member name="P:PaymentProcess.MerchantInfo.X_Login">
            <summary>
            Gets or sets the merchant login
            </summary>
        </member>
        <member name="P:PaymentProcess.MerchantInfo.X_Tran_Key">
            <summary>
            Gets or sets teh merchant transaction key
            </summary>
        </member>
        <member name="T:PaymentProcess.TaxItem">
            <summary>
            Tax item information
            </summary>
        </member>
        <member name="F:PaymentProcess.TaxItem.ts">
            <summary>
            TraceSwitch PaymentProcess
            </summary>
        </member>
        <member name="M:PaymentProcess.TaxItem.#ctor(System.String,System.String,System.Decimal)">
            <summary>
            TaxItem CTor
            </summary>
            <param name="name">Tax item name</param>
            <param name="description">Tax item description</param>
            <param name="amount">Tax item amount</param>
        </member>
        <member name="T:PaymentProcess.AuthorizeURL">
            <summary>
            Holds URL information
            </summary>
        </member>
        <member name="F:PaymentProcess.AuthorizeURL.testUrl">
            <summary>
            Test URL to send HTTP POST requests
            </summary>
        </member>
        <member name="F:PaymentProcess.AuthorizeURL.productionUrl">
            <summary>
            Production URL to send HTTP POST requests
            </summary>
        </member>
        <member name="P:PaymentProcess.AuthorizeURL.TEST_URL">
            <summary>
            Gets the TEST URL
            </summary>
        </member>
        <member name="P:PaymentProcess.AuthorizeURL.PRODUCTION_URL">
            <summary>
            Gets the PRODUCTION URL
            </summary>
        </member>
        <member name="T:PaymentProcess.CreditTransactionInfo">
            <summary>
            Holds credit card transaction information
            </summary>
        </member>
        <member name="T:PaymentProcess.TransactionInfo">
            <summary>
            Base class for transactions
            </summary>
        </member>
        <member name="F:PaymentProcess.TransactionInfo.ts">
            <summary>
            TraceSwitch PaymentProcess
            </summary>
        </member>
        <member name="F:PaymentProcess.TransactionInfo.version">
            <summary>
            Required API version number
            </summary>
        </member>
        <member name="F:PaymentProcess.TransactionInfo.amount">
            <summary>
            Required transaction amount
            </summary>
        </member>
        <member name="F:PaymentProcess.TransactionInfo.method">
            <summary>
            Transaction method
            </summary>
        </member>
        <member name="F:PaymentProcess.TransactionInfo.recurringBilling">
            <summary>
            Recurring billing
            </summary>
        </member>
        <member name="F:PaymentProcess.TransactionInfo.testRequest">
            <summary>
            Test request indicator
            </summary>
        </member>
        <member name="F:PaymentProcess.TransactionInfo.duplicateWindow">
            <summary>
            Delay time to prevent duplicate transactions
            </summary>
        </member>
        <member name="M:PaymentProcess.TransactionInfo.#ctor(System.String,System.Decimal,System.String)">
            <summary>
            TransactionInfo CTor
            </summary>
            <param name="version">API version number</param>
            <param name="amount">Transaction amount</param>
            <param name="method">Transaction method</param>
        </member>
        <member name="M:PaymentProcess.TransactionInfo.ToString">
            <summary>
            Builds the HTTP POST string for AuthorizeRequest
            </summary>
            <returns>see summary</returns>
        </member>
        <member name="P:PaymentProcess.TransactionInfo.X_Version">
            <summary>
            Gets or sets the API version number
            </summary>
        </member>
        <member name="P:PaymentProcess.TransactionInfo.X_Amount">
            <summary>
            Gets or sets the transaction amount
            </summary>
        </member>
        <member name="P:PaymentProcess.TransactionInfo.X_Method">
            <summary>
            Gets or sets the transaction method
            </summary>
        </member>
        <member name="P:PaymentProcess.TransactionInfo.X_Recurring_Billing">
            <summary>
            Gets or sets recurring billing
            </summary>
        </member>
        <member name="P:PaymentProcess.TransactionInfo.X_Test_Request">
            <summary>
            Gets or sets the test request indicator
            </summary>
        </member>
        <member name="P:PaymentProcess.TransactionInfo.X_Duplicate_Window">
            <summary>
            Gets or sets the duplicate window time
            </summary>
        </member>
        <member name="F:PaymentProcess.CreditTransactionInfo.ts">
            <summary>
            TraceSwitch PaymentProcess
            </summary>
        </member>
        <member name="F:PaymentProcess.CreditTransactionInfo.version">
            <summary>
            API version
            </summary>
        </member>
        <member name="F:PaymentProcess.CreditTransactionInfo.cardNum">
            <summary>
            Credit card number
            </summary>
        </member>
        <member name="F:PaymentProcess.CreditTransactionInfo.expDate">
            <summary>
            Credit card expiration date
            </summary>
        </member>
        <member name="F:PaymentProcess.CreditTransactionInfo.transId">
            <summary>
            Transaction ID
            </summary>
        </member>
        <member name="F:PaymentProcess.CreditTransactionInfo.ttype">
            <summary>
            Transaction type
            </summary>
        </member>
        <member name="F:PaymentProcess.CreditTransactionInfo.authCode">
            <summary>
            Authorization code
            </summary>
        </member>
        <member name="F:PaymentProcess.CreditTransactionInfo.amount">
            <summary>
            Transaction amount
            </summary>
        </member>
        <member name="F:PaymentProcess.CreditTransactionInfo.method">
            <summary>
            Transaction method
            </summary>
        </member>
        <member name="F:PaymentProcess.CreditTransactionInfo.recurringBilling">
            <summary>
            Recurring billing
            </summary>
        </member>
        <member name="F:PaymentProcess.CreditTransactionInfo.cardCode">
            <summary>
            Credit card code
            </summary>
        </member>
        <member name="F:PaymentProcess.CreditTransactionInfo.testRequest">
            <summary>
            Test request
            </summary>
        </member>
        <member name="F:PaymentProcess.CreditTransactionInfo.duplicateWindow">
            <summary>
            Dupiclate window
            </summary>
        </member>
        <member name="M:PaymentProcess.CreditTransactionInfo.#ctor(System.String,System.Decimal,System.String,System.String,System.String,System.String,System.String)">
            <summary>
            CreditTransactionInfo CTor
            </summary>
            <param name="version">API version</param>
            <param name="amount">amount for this transaction</param>
            <param name="card_num">credit card number</param>
            <param name="exp_date">credit card expiration date</param>
            <param name="trans_id">transaction id</param>
            <param name="ttype">transaction type</param>
            <param name="auth_code">authorization code</param>
        </member>
        <member name="M:PaymentProcess.CreditTransactionInfo.ToString">
            <summary>
            Builds the POST string for the AuthorizeRequest
            </summary>
            <returns>see summary</returns>
        </member>
        <member name="P:PaymentProcess.CreditTransactionInfo.X_Version">
            <summary>
            Gets or sets the API version number
            </summary>
        </member>
        <member name="P:PaymentProcess.CreditTransactionInfo.X_Amount">
            <summary>
            Gets or sets the transaction amount
            </summary>
        </member>
        <member name="P:PaymentProcess.CreditTransactionInfo.X_Type">
            <summary>
            Gets or sets the transaction type
            </summary>
        </member>
        <member name="P:PaymentProcess.CreditTransactionInfo.X_Method">
            <summary>
            Gets or sets the method
            </summary>
        </member>
        <member name="P:PaymentProcess.CreditTransactionInfo.X_Recurring_Billing">
            <summary>
            Gets or sets recurring billing
            </summary>
        </member>
        <member name="P:PaymentProcess.CreditTransactionInfo.X_Card_Num">
            <summary>
            Gets or sets credit card number
            </summary>
        </member>
        <member name="P:PaymentProcess.CreditTransactionInfo.X_Exp_Date">
            <summary>
            Gets or sets expiration date
            </summary>
        </member>
        <member name="P:PaymentProcess.CreditTransactionInfo.X_Card_Code">
            <summary>
            Gets or sets card code
            </summary>
        </member>
        <member name="P:PaymentProcess.CreditTransactionInfo.X_Trans_Id">
            <summary>
            Gets or sets transaction ID
            </summary>
        </member>
        <member name="P:PaymentProcess.CreditTransactionInfo.X_Auth_Code">
            <summary>
            Gets or sets authorization code
            </summary>
        </member>
        <member name="T:PaymentProcess.BankTransactionInfo">
            <summary>
            Bank transaction info for ECHECK transactions.
            </summary>
        </member>
        <member name="F:PaymentProcess.BankTransactionInfo.ts">
            <summary>
            TraceSwitch PaymentProcess
            </summary>
        </member>
        <member name="F:PaymentProcess.BankTransactionInfo.abaCode">
            <summary>
            ABA code for this bank transactions
            </summary>
        </member>
        <member name="F:PaymentProcess.BankTransactionInfo.acctNum">
            <summary>
            Account number
            </summary>
        </member>
        <member name="F:PaymentProcess.BankTransactionInfo.acctType">
            <summary>
            Account type
            </summary>
        </member>
        <member name="F:PaymentProcess.BankTransactionInfo.bankName">
            <summary>
            Bank name for this transaction
            </summary>
        </member>
        <member name="F:PaymentProcess.BankTransactionInfo.acctName">
            <summary>
            Account name
            </summary>
        </member>
        <member name="F:PaymentProcess.BankTransactionInfo.echeckType">
            <summary>
            ECHECK type
            </summary>
        </member>
        <member name="M:PaymentProcess.BankTransactionInfo.#ctor(System.String,System.Decimal,System.Int32,System.Int32,System.String,System.String,System.String)">
            <summary>
            BankTransactionInfo CTor
            </summary>
            <param name="version">API version</param>
            <param name="amount">Amount for this transaction</param>
            <param name="aba_code">ABA code for this transaction</param>
            <param name="acct_num">Account number</param>
            <param name="acct_type">Account type</param>
            <param name="bank_name">Bank name for this transaction</param>
            <param name="acct_name">Account name</param>
        </member>
        <member name="M:PaymentProcess.BankTransactionInfo.ToString">
            <summary>
            Returns the POST string for this bank transaction.
            </summary>
            <returns>See summary</returns>
        </member>
        <member name="P:PaymentProcess.BankTransactionInfo.X_Bank_Aba_Code">
            <summary>
            Gets or sets the aba code
            </summary>
        </member>
        <member name="P:PaymentProcess.BankTransactionInfo.X_Bank_Acct_Num">
            <summary>
            Gets or sets the bank account number
            </summary>
        </member>
        <member name="P:PaymentProcess.BankTransactionInfo.X_Echeck_Type">
            <summary>
            Gets or sets the echeck type
            </summary>
        </member>
        <member name="P:PaymentProcess.BankTransactionInfo.X_Bank_Acct_Name">
            <summary>
            Gets or sets the bank account name
            </summary>
        </member>
        <member name="P:PaymentProcess.BankTransactionInfo.X_Bank_Name">
            <summary>
            Gets or sets the bank name
            </summary>
        </member>
        <member name="P:PaymentProcess.BankTransactionInfo.X_Bank_Acct_Type">
            <summary>
            Gets or sets the bank account type
            </summary>
        </member>
        <member name="T:PaymentProcess.XTypes">
            <summary>
            Transaction types
            </summary>
        </member>
        <member name="F:PaymentProcess.XTypes.authCapture">
            <summary>
            Auth capture type - Default
            </summary>
        </member>
        <member name="F:PaymentProcess.XTypes.authOnly">
            <summary>
            Auth only type
            </summary>
        </member>
        <member name="F:PaymentProcess.XTypes.captureOnly">
            <summary>
            Capture only type
            </summary>
        </member>
        <member name="F:PaymentProcess.XTypes.credit">
            <summary>
            Credit type
            </summary>
        </member>
        <member name="F:PaymentProcess.XTypes.prior">
            <summary>
            Prior type
            </summary>
        </member>
        <member name="F:PaymentProcess.XTypes.vvoid">
            <summary>
            Void transaction type
            </summary>
        </member>
        <member name="P:PaymentProcess.XTypes.AUTH_CAPTURE">
            <summary>
            Gets the auth capture type
            </summary>
        </member>
        <member name="P:PaymentProcess.XTypes.AUTH_ONLY">
            <summary>
            Gets the auth only type
            </summary>
        </member>
        <member name="P:PaymentProcess.XTypes.CAPTURE_ONLY">
            <summary>
            Gets the capture only type
            </summary>
        </member>
        <member name="P:PaymentProcess.XTypes.CREDIT">
            <summary>
            Gets the credit type
            </summary>
        </member>
        <member name="P:PaymentProcess.XTypes.PRIOR">
            <summary>
            Gets the prior type
            </summary>
        </member>
        <member name="T:PaymentProcess.XEcheckTypes">
            <summary>
            Holds ECHECK types
            </summary>
        </member>
        <member name="F:PaymentProcess.XEcheckTypes.web">
            <summary>
            WEB ECHECK type
            </summary>
        </member>
        <member name="P:PaymentProcess.XEcheckTypes.WEB">
            <summary>
            Gets the WEB ECHECK type
            </summary>
        </member>
        <member name="T:PaymentProcess.CustomerInfo">
            <summary>
            Holds customer information for AuthorizeRequest
            </summary>
        </member>
        <member name="F:PaymentProcess.CustomerInfo.firstName">
            <summary>
            Customer first name
            </summary>
        </member>
        <member name="F:PaymentProcess.CustomerInfo.lastName">
            <summary>
            Customer last name
            </summary>
        </member>
        <member name="F:PaymentProcess.CustomerInfo.company">
            <summary>
            Customer company
            </summary>
        </member>
        <member name="F:PaymentProcess.CustomerInfo.address">
            <summary>
            Customer address
            </summary>
        </member>
        <member name="F:PaymentProcess.CustomerInfo.city">
            <summary>
            Customer city
            </summary>
        </member>
        <member name="F:PaymentProcess.CustomerInfo.state">
            <summary>
            Customer state
            </summary>
        </member>
        <member name="F:PaymentProcess.CustomerInfo.zip">
            <summary>
            Customer zip code
            </summary>
        </member>
        <member name="F:PaymentProcess.CustomerInfo.country">
            <summary>
            Customer country
            </summary>
        </member>
        <member name="F:PaymentProcess.CustomerInfo.phone">
            <summary>
            Customer phone number
            </summary>
        </member>
        <member name="F:PaymentProcess.CustomerInfo.fax">
            <summary>
            Customer fax number
            </summary>
        </member>
        <member name="F:PaymentProcess.CustomerInfo.email">
            <summary>
            Customer email address
            </summary>
        </member>
        <member name="F:PaymentProcess.CustomerInfo.customerId">
            <summary>
            Customer ID
            </summary>
        </member>
        <member name="F:PaymentProcess.CustomerInfo.customerIp">
            <summary>
            Customer IP address
            </summary>
        </member>
        <member name="F:PaymentProcess.CustomerInfo.ts">
            <summary>
            TraceSwitch PaymentProcess
            </summary>
        </member>
        <member name="M:PaymentProcess.CustomerInfo.#ctor(System.String,System.String,System.String,System.String,System.String,System.String,System.String,System.String,System.String,System.String,System.String,System.String,System.String)">
            <summary>
            CustomerInfo CTor
            </summary>
            <param name="first_name">Customer first name</param>
            <param name="last_name">Customer last name</param>
            <param name="company">Customer company</param>
            <param name="address">Customer address</param>
            <param name="city">Customer city</param>
            <param name="state">Customer state</param>
            <param name="zip">Customer zipcode</param>
            <param name="country">Customer country</param>
            <param name="phone">Customer phone</param>
            <param name="fax">Customer fax</param>
            <param name="email">Customer email</param>
            <param name="customer_id">Customer ID</param>
            <param name="customer_ip">Customer IP address</param>
        </member>
        <member name="M:PaymentProcess.CustomerInfo.ToString">
            <summary>
            Builds the POST string for the AuthorizeRequest
            </summary>
            <returns>see summary</returns>
        </member>
        <member name="P:PaymentProcess.CustomerInfo.X_First_Name">
            <summary>
            Gets or sets the customer first name
            </summary>
        </member>
        <member name="P:PaymentProcess.CustomerInfo.X_Last_Name">
            <summary>
            Gets or sets the customer last name
            </summary>
        </member>
        <member name="P:PaymentProcess.CustomerInfo.X_Company">
            <summary>
            Gets or sets the company name
            </summary>
        </member>
        <member name="P:PaymentProcess.CustomerInfo.X_Address">
            <summary>
            Gets or sets the customer address
            </summary>
        </member>
        <member name="P:PaymentProcess.CustomerInfo.X_City">
            <summary>
            Gets or sets the customer city
            </summary>
        </member>
        <member name="P:PaymentProcess.CustomerInfo.X_State">
            <summary>
            Gets or sets the customer state
            </summary>
        </member>
        <member name="P:PaymentProcess.CustomerInfo.X_Zip">
            <summary>
            Gets or sets the customer zip code
            </summary>
        </member>
        <member name="P:PaymentProcess.CustomerInfo.X_Country">
            <summary>
            Gets or sets the customer country
            </summary>
        </member>
        <member name="P:PaymentProcess.CustomerInfo.X_Phone">
            <summary>
            Gets or sets the customer phone number
            </summary>
        </member>
        <member name="P:PaymentProcess.CustomerInfo.X_Fax">
            <summary>
            Gets or sets the customer fax number
            </summary>
        </member>
        <member name="P:PaymentProcess.CustomerInfo.X_Email">
            <summary>
            Gets or sets the customer email address
            </summary>
        </member>
        <member name="P:PaymentProcess.CustomerInfo.X_Cust_Id">
            <summary>
            Gets or sets the customer ID
            </summary>
        </member>
        <member name="P:PaymentProcess.CustomerInfo.X_Customer_Ip">
            <summary>
            Gets or sets the customer IP address
            </summary>
        </member>
        <member name="T:PaymentProcess.LineItem">
            <summary>
            Line item information
            </summary>
        </member>
        <member name="F:PaymentProcess.LineItem.itemId">
            <summary>
            Line item ID
            </summary>
        </member>
        <member name="F:PaymentProcess.LineItem.itemName">
            <summary>
            Line item name
            </summary>
        </member>
        <member name="F:PaymentProcess.LineItem.itemDesc">
            <summary>
            Line item description
            </summary>
        </member>
        <member name="F:PaymentProcess.LineItem.quantity">
            <summary>
            Line item quantity
            </summary>
        </member>
        <member name="F:PaymentProcess.LineItem.itemPrice">
            <summary>
            Line item price
            </summary>
        </member>
        <member name="F:PaymentProcess.LineItem.taxable">
            <summary>
            Line item taxable
            </summary>
        </member>
        <member name="F:PaymentProcess.LineItem.ts">
            <summary>
            TraceSwitch PaymentProcess
            </summary>
        </member>
        <member name="M:PaymentProcess.LineItem.#ctor(System.String,System.String,System.String,System.Decimal,System.Decimal,System.Boolean)">
            <summary>
            LineItem CTor
            </summary>
            <param name="itemId">line item ID</param>
            <param name="itemName">line item name</param>
            <param name="itemDesc">line item description</param>
            <param name="quantity">line item quantity</param>
            <param name="itemPrice">line item price</param>
            <param name="taxable">line item taxable</param>
        </member>
        <member name="M:PaymentProcess.LineItem.ToString">
            <summary>
            Builds the POST string for AuthorizeRequest
            </summary>
            <returns>Delimited string for HTTP POST</returns>
        </member>
        <member name="P:PaymentProcess.LineItem.ItemId">
            <summary>
            Gets or sets the line item ID
            </summary>
        </member>
        <member name="P:PaymentProcess.LineItem.ItemName">
            <summary>
            Gets or sets the line item name
            </summary>
        </member>
        <member name="P:PaymentProcess.LineItem.ItemDesc">
            <summary>
            Gets or sets the line item description
            </summary>
        </member>
        <member name="P:PaymentProcess.LineItem.Quantity">
            <summary>
            Gets or sets the line item quantity
            </summary>
        </member>
        <member name="P:PaymentProcess.LineItem.ItemPrice">
            <summary>
            Gets or sets the line item price
            </summary>
        </member>
        <member name="P:PaymentProcess.LineItem.Taxable">
            <summary>
            Gets or sets taxable for this line item
            </summary>
        </member>
    </members>
</doc>
